{
  "db_name": "PostgreSQL",
  "query": "SELECT id, fuel, positionX as position_x, positionY as position_y, shipyardPolicy as policy_id, shipTokenName as token_name, pilotTokenName as pilot_name, class, totalRewards as total_rewards\n             FROM mapobjects\n             WHERE positionX BETWEEN ($1::int - $3::int) AND ($1::int + $3::int)\n               AND positionY BETWEEN ($2::int - $3::int) AND ($2::int + $3::int)\n               AND ABS(positionX - $1::int) + ABS(positionY - $2::int) <= $3::int\n               AND shipyardPolicy = $4::text",
  "describe": {
    "columns": [
      {
        "ordinal": 0,
        "name": "id",
        "type_info": "Text"
      },
      {
        "ordinal": 1,
        "name": "fuel",
        "type_info": "Int4"
      },
      {
        "ordinal": 2,
        "name": "position_x",
        "type_info": "Int4"
      },
      {
        "ordinal": 3,
        "name": "position_y",
        "type_info": "Int4"
      },
      {
        "ordinal": 4,
        "name": "policy_id",
        "type_info": "Varchar"
      },
      {
        "ordinal": 5,
        "name": "token_name",
        "type_info": "Text"
      },
      {
        "ordinal": 6,
        "name": "pilot_name",
        "type_info": "Text"
      },
      {
        "ordinal": 7,
        "name": "class",
        "type_info": "Text"
      },
      {
        "ordinal": 8,
        "name": "total_rewards",
        "type_info": "Numeric"
      }
    ],
    "parameters": {
      "Left": [
        "Int4",
        "Int4",
        "Int4",
        "Text"
      ]
    },
    "nullable": [
      true,
      true,
      true,
      true,
      true,
      true,
      true,
      true,
      true
    ]
  },
  "hash": "8e0687b38756dd37d17653b64009ed98f06326b13b521d1079a009a549c0ddc8"
}
