{
  "db_name": "PostgreSQL",
  "query": "SELECT id, fuel, positionX as position_x, positionY as position_y, shipyardPolicy as policy_id, shipTokenName as token_name, pilotTokenName as pilot_name, class, totalRewards as total_rewards\n             FROM mapobjects\n             WHERE class = 'Asteria' AND shipyardPolicy = $1",
  "describe": {
    "columns": [
      {
        "ordinal": 0,
        "name": "id",
        "type_info": "Text"
      },
      {
        "ordinal": 1,
        "name": "fuel",
        "type_info": "Int4"
      },
      {
        "ordinal": 2,
        "name": "position_x",
        "type_info": "Int4"
      },
      {
        "ordinal": 3,
        "name": "position_y",
        "type_info": "Int4"
      },
      {
        "ordinal": 4,
        "name": "policy_id",
        "type_info": "Varchar"
      },
      {
        "ordinal": 5,
        "name": "token_name",
        "type_info": "Text"
      },
      {
        "ordinal": 6,
        "name": "pilot_name",
        "type_info": "Text"
      },
      {
        "ordinal": 7,
        "name": "class",
        "type_info": "Text"
      },
      {
        "ordinal": 8,
        "name": "total_rewards",
        "type_info": "Numeric"
      }
    ],
    "parameters": {
      "Left": [
        "Text"
      ]
    },
    "nullable": [
      true,
      true,
      true,
      true,
      true,
      true,
      true,
      true,
      true
    ]
  },
  "hash": "6ee078aa4ca0bd8567c784afd4258c2fa60acf4c07236f99ca3ce36e829cfe30"
}
